eastmacon1,eastmacon1
eastmacon2,eastmacon2
eastmacon3,eastmacon3
eastmacon4,eastmacon4
eastmacon5,eastmacon5
godfrey1,godfrey1
godfrey2,godfrey2
godfrey3,godfrey3
godfrey4,godfrey4
godfrey5,godfrey5
hazzard1,hazzard1
hazzard2,hazzard2
hazzard3,hazzard3
hazzard4,hazzard4
howard1,howard1
howard2,howard2
howard3,howard3
howard4,howard4
howard5,howard5
howard6,howard6
howard7,howard7
rutland1,rutland1
rutland2,rutland2
vineville1,vineville1
vineville2,vineville2
vineville3,vineville3
vineville4,vineville4
vineville5,vineville5
vineville6,vineville6
warrior1,warrior1
warrior2,warrior2
