bethany,bethany
bonner,bonner
bowdon,bowdon
bowdonjunction,bowdonjunction
burson,bursoncenter
burwell,burwell
centerpoint,centerpoint
clem,clem
countyadminbldg,countyadminbldg
fairfield,fairfield
hulett,hulett
kansas,kansas
lakeshorerec,lakeshorereccenter
mtzion,mtzion
oakgrove,oakgrove
oldcampchurch,oldcampchurch
roopville,roopville
sandhill,sandhill
tabernaclechurch,tabernaclechurch
templecity,templecity
templecounty,templecounty
tyus,tyus
universityofw.ga,universityofw.ga
villaricacity,villaricacity
vrcountynorth,vrcountynorth
vrcountysouth,vrcountysouth
westcarrollton,westcarrollton
whitesburg,whitesburg
