ellenwood,ellenwood
forestpark1,forestpark1
forestpark2,forestpark2
forestpark3,forestpark3
forestpark4,forestpark4
forestpark5,forestpark5
forestpark6,forestpark6
jonesboro1,jonesboro1
jonesboro10,jonesboro10
jonesboro11,jonesboro11
jonesboro12,jonesboro12
jonesboro13,jonesboro13
jonesboro14,jonesboro14
jonesboro15,jonesboro15
jonesboro16,jonesboro16
jonesboro17,jonesboro17
jonesboro18,jonesboro18
jonesboro2,jonesboro2
jonesboro3,jonesboro3
jonesboro4,jonesboro4
jonesboro5,jonesboro5
jonesboro6,jonesboro6
jonesboro7,jonesboro7
jonesboro8,jonesboro8
jonesboro9,jonesboro9
lakecity,lakecity
lovejoy1,lovejoy1
lovejoy2,lovejoy2
lovejoy3,lovejoy3
lovejoy4,lovejoy4
lovejoy5,lovejoy5
morrow1,morrow1
morrow2,morrow2
morrow3,morrow3
morrow4,morrow4
morrow5,morrow5
morrow6,morrow6
morrow7,morrow7
morrow8,morrow8
morrow9,morrow9
oak1,oak1
oak2,oak2
oak3,oak3
oak4,oak4
panhandle1,panhandle1
panhandle2,panhandle2
riverdale1,riverdale1
riverdale10,riverdale10
riverdale11,riverdale11
riverdale12,riverdale12
riverdale2,riverdale2
riverdale3,riverdale3
riverdale4,riverdale4
riverdale5,riverdale5
riverdale6,riverdale6
riverdale7,riverdale7
riverdale8,riverdale8
riverdale9,riverdale9
