artscentre,artscentre
cannongate,cannongate
cedarcreek,cedarcreek
central,central
cowetacentrallibrary,cowetacentrallibrary
dresden,dresden
expocenter,expocenter
fischerroad,fischerroad
grantville,grantville
greentop,greentop
haralson,haralson
jeffersonparkway,jeffersonparkway
madras,madras
moreland,moreland
newnan,newnan
northside,northside
panthercreek,panthercreek
pineroad,pineroad
raymond,raymond
senoia,senoia
sharpsburg,sharpsburg
smokeyroad,smokeyroad
thomascrossroads,thomascrossroads
turin,turin
welcome,welcome
westside,westside
whiteoak,whiteoak
