arborstation,arborstation
beulah,beulahbaptistchurch
boundarywaters,boundarywaters
brightstar,brightstar
chapelhill,chapelhill
chestnutlog,chestnutlog
churchatchapelhill,churchatchapelhill
colonialhills,colonialhills
deerlick,deerlick
dogriverlibrary,dogriverlibrary
dorsettshoals,dorsettshoals
ephesusbaptistchur,ephesusbaptistchur
factoryshoals,factoryshoals
firstbaptist-lithiasprings,firstbaptistlithiasprings
firstbaptistchurch,firstbaptistdouglasville
goldenmethodistch,goldenmethodistch
lithiahighschool,lithiaspringshighschool
lutheranchurch-gs,lutheranchurch-gs
mirrorlakeelementa,mirrorlakeelementa
oldcourthouse,oldcourthouse
praysmillgym,praysmillgym
stewart,stewart
stjuliansepiscopal,stjuliansepiscopal
turner,turner
winston,winston
