altopark,altopark
armuchee,armuchee
barkers,barkers
cavespring,cavespring
chulio,chulio
eastlindale,eastlindale
eastrome,eastrome
etowah,etowah
everettsprings,everettsprings
floydsprings,floydsprings
foster'smill,foster'smill
gardenlakes,gardenlakes
glenwood,glenwood
howell,howell
mtaltonorth,mtaltonorth
mtaltosouth,mtaltosouth
northcarolina,northcarolina
northrome,northrome
riverside,riverside
southrome,southrome
texasvalley,texasvalley
townrome,townrome
vannsvalley,vannsvalley
watters,watters
westlindale,westlindale
