austinroad,austinroad
cottonindian,cottonindian
dutchtown,dutchtown
eastlake,eastlake
ellenwood,ellenwood
flippen,flippen
grovepark,grovepark
hickoryflat,hickoryflat
kelleytown,kelleytown
lakedow,lakedow
lakehaven,lakehaven
lighthouse,lighthouse
locustgrove,locustgrove
lowes,lowes
mcdonough,mcdonough
mcdonoughcentral,mcdonoughcentral
mcmullen,mcmullen
mt.bethel,mt.bethel
mt.carmel,mountcarmel
northhampton,northhampton
oakland,oakland
patescreek,patescreek
pleasantgrove,pleasantgrove
redoak,redoak
sandyridge,sandyridge
shakerag,shakerag
shiloh,shiloh
southhampton,southhampton
stagecoach,stagecoach
stockbridgecentral,stockbridgecentral
stockbridgeeast-west,stockbridgeeast-west
swanlake,swanlake
timberridge,timberridge
tussahaw,tussahaw
unitygrove,unitygrove
wesleylakes,wesleylakes
westside,westside
